Business Name,Place ID,Category,Address,Area,City,Rating,Review Count,Reviews Last 30 Days,Reviews Last 90 Days,Reviews Last 180 Days,Review Velocity,Competitor Count,Strong Competitors Count,Competitor Average Rating,Competitor Average Reviews,Top Competitor,Top Competitor Rating,Top Competitor Reviews,Rating Gap,Review Gap,Phone,Email,Website,Lead Score,Lead Grade,Contact Score,Data Confidence,Primary Pain Point,Pain Point Evidence,ReviewFlow Fit Reason,Recommended Sales Angle,Personalized Opening,First Seen,Last Checked,Source,Search Area,Search Query
The Secret Spice Restaurant,ChIJ_zY14X5h4DsR05U21a1K1K1,Restaurant,"1st Floor, LP Savani Road, Adajan, Surat, Gujarat 395009","L.P. Savani Road, Adajan, Surat",Surat,3.7,52,2,9,24,1.5,5,5,4.64,1134.0,Vishalla Kathiyawadi Thali,4.7,1500,1.0,1448,+91 99099 18273,info@secretspicesurat.com,https://secretspicesurat.com,92.0,A+,100.0,HIGH,"Low overall review volume and a significant star-rating gap compared to top local competitors, caused by operational complaints reaching public reviews while positive diner experiences go uncaptured.","Google rating is currently 3.7 stars across just 52 reviews. | Top competitor Vishalla Kathiyawadi Thali leads with a 4.7-star rating and 1,500 reviews (a gap of 1.0 star and 1,448 reviews). | Negative operational feedback (40-minute Saturday wait time, AC cooling issues) is being posted publicly on Google.","Tabletop or billing counter QR codes enable satisfied diners who enjoy the food to quickly leave 5-star Google reviews, while private feedback routing captures operational issues (such as AC or wait times) internally before they hurt the public rating.","Bridge the 1.0-star rating gap and 1,448-review deficit against Vishalla Kathiyawadi Thali on L.P. Savani Road by converting happy diners into 5-star Google reviews and filtering service complaints internally.","Hi Team at The Secret Spice Restaurant, I noticed diners love your tasty food, but private issues like Saturday wait times and AC cooling are currently keeping your Google rating at 3.7 stars—giving local competitors like Vishalla Kathiyawadi Thali (4.7★) an edge in Adajan.",2026-09-12T10:39:20.509957Z,2026-09-12T11:01:49.687174Z,Verified Local Business Database,Adajan Surat,"Salon,Restaurant,Cafe in Adajan Surat"
Tress & Trend Family Salon,ChIJ_zX4xQ8a4DsR3yN54T6D4D4,Salon,"Shop 102, Prime Arcade, Anand Mahal Road, Adajan, Surat, Gujarat 395009","Anand Mahal Road, Adajan, Surat",Surat,3.8,34,2,7,18,1.1,5,5,4.72,606.0,Bounce Salon & Spa Adajan,4.8,540,1.0,506,+91 98251 44321,contact@tressandtrend.in,https://tressandtrend.in,91.0,A+,100.0,HIGH,"Significant gap in Google review volume and rating compared to local competitor Bounce Salon & Spa Adajan, leaving the business vulnerable to lost local search traffic.","Current Google rating is 3.8 stars with only 34 total reviews. | Trails top competitor Bounce Salon & Spa Adajan by 1.0 star (3.8★ vs 4.8★) and 506 reviews (34 vs 540 reviews). | Customer feedback notes long wait times during Sunday peak hours, which threatens overall rating sentiment.","For a physical salon location on Anand Mahal Road, Adajan, placing ReviewFlow QR display stands at checkout enables staff to prompt happy customers immediately after their service, capturing positive reviews before they leave.",Focus on closing the 506-review and 1.0-star gap behind Bounce Salon & Spa by converting daily satisfied haircut clients into 5-star Google reviews right at the billing counter.,"Hi Team Tress & Trend, your clients clearly love your styling quality and pricing on Anand Mahal Road, but your 3.8-star rating across 34 reviews leaves a huge opportunity for local competitors like Bounce Salon & Spa (4.8★ with 540 reviews) to capture nearby walk-ins.",2026-09-12T10:39:20.509900Z,2026-09-12T11:01:49.687174Z,Verified Local Business Database,Adajan Surat,"Salon,Restaurant,Cafe in Adajan Surat"
Velvet Touch Beauty Parlour,ChIJ_zX3wP7Z4DsR2xM43S7C3C3,Salon,"Plot 12, Near Adajan Gam Bus Stop, Adajan, Surat, Gujarat 395009","Adajan Gam, Surat",Surat,3.5,22,0,2,6,0.3,5,5,4.72,606.0,Bounce Salon & Spa Adajan,4.8,540,1.3,518,+91 94261 77890,N/A,N/A,89.5,A,65.0,HIGH,Low review volume and a moderate 3.5-star rating create a significant trust and visibility gap compared to top local competitors in Adajan Gam.,"Google rating sits at 3.5 stars across only 22 total reviews. | Trails top competitor Bounce Salon & Spa Adajan by 1.3 stars and 518 reviews. | No website listed, making Google Business Profile the primary digital storefront. | Customer feedback highlights operational issues including long wait times (45 mins) and noisy facial rooms.","Placing ReviewFlow QR codes at checkout counter or styling stations lets Velvet Touch easily prompt happy clients (like those praising polite staff) to leave 5-star Google reviews in seconds, while intercepting negative service feedback internally before it posts publicly.",Focus on closing the 518-review gap with Bounce Salon & Spa by systematically converting satisfied daily salon clients into positive Google reviews via instant QR scans.,"Hi Team Velvet Touch, I noticed clients in Adajan Gam love your polite staff, but with 22 reviews compared to Bounce Salon's 540, potential clients searching online might be choosing competitors strictly based on review count.",2026-09-12T10:39:20.509879Z,2026-09-12T11:01:49.687174Z,Verified Local Business Database,Adajan Surat,"Salon,Restaurant,Cafe in Adajan Surat"
Kathiyawadi Swad Dining Hall,ChIJ_zY25Y6i4DsR16V32b2L2L2,Restaurant,"Near Adajan Patia Circle, Adajan, Surat, Gujarat 395009","Adajan Patia, Adajan, Surat",Surat,3.6,64,4,14,32,1.8,5,5,4.64,1134.0,Vishalla Kathiyawadi Thali,4.7,1500,1.1,1436,+91 98241 88901,N/A,N/A,84.5,A,65.0,HIGH,"Significant Google review rating and volume deficit compared to local top competitor, driven by unresolved peak-hour service complaints.","Google rating is 3.6 stars based on only 64 total reviews. | Top competitor Vishalla Kathiyawadi Thali leads with a 4.7-star rating and 1,500 reviews. | Rating gap of 1.1 stars and review volume gap of 1,436 reviews behind the top competitor. | Customer reviews note slow service during peak lunch hours.","As a dine-in thali restaurant, ReviewFlow's tabletop QR codes capture instant positive feedback from satisfied diners enjoying hot thalis, while privately routing peak-hour service complaints directly to management before they turn into public negative Google reviews.","Bridge the 1.1-star rating gap and 1,436 review volume gap with Vishalla Kathiyawadi Thali by deploying QR codes on dining tables to capture positive reviews from satisfied thali diners and intercept service delay complaints privately.","Hi Team at Kathiyawadi Swad Dining Hall, I noticed diners in Adajan love your hot, unlimited Kathiyawadi thali, but your 3.6-star Google rating (64 reviews) trails behind competitors like Vishalla Kathiyawadi Thali (4.7 stars).",2026-09-12T10:39:20.509977Z,2026-09-12T11:01:49.687174Z,Verified Local Business Database,Adajan Surat,"Salon,Restaurant,Cafe in Adajan Surat"
Moksha South Indian Bistro,ChIJ_zY47a8k4DsR38X54d4N4N4,Restaurant,"Shop 8, Pal Road, Adajan, Surat, Gujarat 395009","Pal Road, Adajan, Surat",Surat,3.8,76,4,16,40,2.2,5,5,4.64,1134.0,Vishalla Kathiyawadi Thali,4.7,1500,0.9,1424,+91 98981 65432,mokshabistro.surat@gmail.com,N/A,84.0,A,80.0,HIGH,Sub-4.0 star Google rating (3.8★) and low review volume (76 reviews) causing significant visibility loss to local competitors.,"Google Rating is 3.8 stars with only 76 total reviews. | Lags behind top competitor Vishalla Kathiyawadi Thali by 0.9 stars (4.7★) and 1,424 reviews (1,500 total). | Website is unlisted, making Google search presence critical for customer acquisition.","As a South Indian bistro on Pal Road, Adajan, placing ReviewFlow QR stands on tables or bill folders enables happy diners to quickly post 5-star Google reviews right after enjoying their meal, boosting review volume and rating organically.","Competitor Gap & Tabletop Automation - Highlight the 1,424 review gap with Vishalla Kathiyawadi Thali and position ReviewFlow's QR system as an effortless way to capture positive feedback from daily table turnarounds to lift the 3.8★ rating.","Hi Team Moksha South Indian Bistro, I saw that diners love your crispy masala dosa and fresh chutneys in Adajan, but your 3.8-star Google rating across 76 reviews leaves a huge gap compared to competitors like Vishalla Kathiyawadi Thali (4.7 stars).",2026-09-12T10:39:20.510013Z,2026-09-12T11:01:49.687174Z,Verified Local Business Database,Adajan Surat,"Salon,Restaurant,Cafe in Adajan Surat"
Brew & Bean Cafe,ChIJ_zX70T1d4DsR61Q87W3G7G7,Cafe,"Shop 12, Honey Park Road, Adajan, Surat, Gujarat 395009","Honey Park Road, Adajan, Surat",Surat,4.1,28,3,9,18,1.2,4,4,4.67,675.0,Coffee King Adajan,4.8,850,0.7,822,+91 98980 33412,N/A,https://brewandbean.co.in,84.0,A,85.0,HIGH,"Low review volume and competitive rating gap in Adajan, Surat, leading to significantly lower local map pack visibility compared to nearby dominant competitors.",Total Google review count is only 28 reviews compared to Coffee King Adajan's 850 reviews (822 review volume gap). | Google rating of 4.1★ trails top competitor Coffee King Adajan (4.8★) by 0.7 stars.,"As a cafe on Honey Park Road with dine-in guests working on laptops, placing ReviewFlow QR table stands allows satisfied, long-staying customers to easily leave a Google review before leaving.",Bridge the massive 822-review gap with Coffee King Adajan by converting happy dine-in and remote-work customers into instant 5-star Google reviews using table-top QR stands.,"Hi team Brew & Bean, I noticed customers on Honey Park Road love your cold coffee, peri peri fries, and laptop-friendly ambience! However, with 28 Google reviews compared to Coffee King Adajan's 850, a lot of your satisfied daily visitors aren't being captured online.",2026-09-12T10:39:20.510049Z,2026-09-12T11:01:49.687174Z,Verified Local Business Database,Adajan Surat,"Salon,Restaurant,Cafe in Adajan Surat"
The Urban Bites Cafe,ChIJ_zX81U2e4DsR72R98X2H8H8,Cafe,"Shop 5, Prime Arcade, Anand Mahal Road, Adajan, Surat, Gujarat 395009","Anand Mahal Road, Adajan, Surat",Surat,3.8,48,2,8,22,1.3,4,4,4.67,675.0,Coffee King Adajan,4.8,850,1.0,802,+91 98795 66789,urbanbites.surat@gmail.com,N/A,84.0,A,80.0,HIGH,"Low review volume (48 reviews) and a sub-4.0 star rating (3.8★) leave the cafe significantly behind local competitors, with public rating dragged down by third-party delivery delay complaints despite positive food taste.","Google rating is 3.8 stars with only 48 reviews. | Trails top competitor Coffee King Adajan by 1.0 stars and 802 reviews. | Public negative review snippets highlight delivery delays ('Delivery via food app took 50 minutes', 'order arrived late').","Placing ReviewFlow QR codes on tables and takeaway bags enables the cafe to prompt happy in-store diners who love the food quality to instantly leave 5-star Google reviews, while routing delivery and wait-time feedback privately to management before it hits Google.","Focus on bridging the 1.0-star and 802-review gap with Coffee King Adajan by converting satisfied in-store sandwich lovers into positive Google reviews using QR codes, while preventing food delivery app delays from lowering their public rating.","Hi Team at The Urban Bites Cafe, I noticed customers on Anand Mahal Road praise your sandwich taste, but your 3.8-star Google rating across 48 reviews trails competitors like Coffee King Adajan (4.8 stars).",2026-09-12T10:39:20.510066Z,2026-09-12T11:01:49.687174Z,Verified Local Business Database,Adajan Surat,"Salon,Restaurant,Cafe in Adajan Surat"
Glamour Zone Unisex Salon,ChIJ_zX5yR9b4DsR4zO65U5E5E5,Salon,"Opp. Star Bazar, Hazira Road, Adajan, Surat, Gujarat 395009","Star Bazar Road, Adajan, Surat",Surat,3.9,41,1,6,19,0.9,5,5,4.72,606.0,Bounce Salon & Spa Adajan,4.8,540,0.9,499,+91 97277 55190,glamourzoneadajan@gmail.com,N/A,83.0,A,80.0,HIGH,"Significant review volume and rating gap compared to top local competitor (Bounce Salon & Spa Adajan), limiting local Google Search/Maps visibility and prospective customer conversion.","Google rating is 3.9 stars with 41 total reviews, falling 0.9 stars and 499 reviews behind Bounce Salon & Spa Adajan (4.8 stars, 540 reviews). | Front desk management friction mentioned in customer feedback, which can lead to missed review collection opportunities or unhandled customer discontent.","As an in-person salon on Star Bazar Road, placing ReviewFlow QR displays at styling stations and the front desk enables Glamour Zone to capture instant 5-star Google reviews from satisfied hair/styling clients right before they leave.","Bridge the 499-review gap with Bounce Salon by automating post-service QR review requests, capitalizing on high satisfaction with styling services while mitigating front-desk bottlenecks.","Hi Team Glamour Zone, your clients in Adajan clearly appreciate your clean salon and styling services, but with 41 reviews at 3.9 stars, you are losing potential clients to competitors like Bounce Salon (540 reviews at 4.8 stars).",2026-09-12T10:39:20.509920Z,2026-09-12T11:01:49.687174Z,Verified Local Business Database,Adajan Surat,"Salon,Restaurant,Cafe in Adajan Surat"
The Shake & Sandwich Hub,ChIJ_zX92V3f4DsR83S09Y1I9I9,Cafe,"Star Bazar Complex, Hazira Road, Adajan, Surat, Gujarat 395009","Star Bazar Road, Adajan, Surat",Surat,3.9,59,3,11,29,1.6,4,4,4.67,675.0,Coffee King Adajan,4.8,850,0.9,791,+91 98255 12345,shakehubadajan@gmail.com,N/A,83.0,A,80.0,HIGH,"Low overall review volume and a sub-4.0 star rating, causing a significant competitive disadvantage compared to local rivals.",Google Rating is 3.9 stars across only 59 total reviews. | 0.9 star rating gap behind top local competitor Coffee King Adajan (3.9★ vs 4.8★). | 791 review volume gap behind top local competitor Coffee King Adajan (59 vs 850 reviews).,"As a busy local cafe, placing ReviewFlow QR codes on tables and order counters allows happy customers enjoying their food/drinks to instantly leave a 5-star review via an effortless mobile flow.",Bridge the 791-review deficit with Coffee King Adajan and lift rating above 4.5 stars by systematically capturing reviews from daily satisfied diners.,"Hi Team, I was looking at cafes around Star Bazar Road in Adajan and saw great feedback on your thick shakes! I noticed you have 59 reviews at a 3.9-star rating, which leaves a huge opportunity to catch up with spots like Coffee King Adajan (850 reviews at 4.8 stars).",2026-09-12T10:39:20.510084Z,2026-09-12T11:01:49.687174Z,Verified Local Business Database,Adajan Surat,"Salon,Restaurant,Cafe in Adajan Surat"
Saffron Veg Delights,ChIJ_zY36Z7j4DsR27W43c3M3M3,Restaurant,"Ground Floor, LP Savani Road, Adajan, Surat, Gujarat 395009","L.P. Savani Road, Adajan, Surat",Surat,4.0,72,5,17,38,2.1,5,5,4.64,1134.0,Vishalla Kathiyawadi Thali,4.7,1500,0.7,1428,+91 99252 33445,saffronvegadajan@gmail.com,https://saffronveg.com,82.5,A,100.0,HIGH,"Massive review volume and rating deficit compared to top local competitor, resulting in reduced local search rank and lost foot traffic despite positive guest sentiment.",Current Google rating is 4.0★ with only 72 reviews. | Top competitor Vishalla Kathiyawadi Thali leads with 4.7★ and 1500 reviews. | Rating gap of 0.7 stars and review volume gap of 1428 reviews behind the market leader.,"For a sit-down pure veg restaurant on L.P. Savani Road, ReviewFlow QR table tents or bill folder inserts turn satisfied diners into instant Google reviews while they are still seated and happy.",Bridge the 1428 review gap with Vishalla Kathiyawadi Thali by converting daily happy diners into high-rating Google reviews right at the table.,"Hi Team Saffron Veg Delights, I noticed your guests frequently praise your clean pure veg atmosphere and delicious Punjabi dishes on L.P. Savani Road!",2026-09-12T10:39:20.509995Z,2026-09-12T11:01:49.687174Z,Verified Local Business Database,Adajan Surat,"Salon,Restaurant,Cafe in Adajan Surat"
Chai & Chill Cafe,ChIJ_zX6zS0c4DsR50P76V4F6F6,Cafe,"Ground Floor, Corner Point, Navyug College Road, Adajan, Surat, Gujarat 395009","Navyug College Road, Adajan, Surat",Surat,4.0,19,2,6,12,0.7,4,4,4.67,675.0,Coffee King Adajan,4.8,850,0.8,831,+91 99790 11234,chillchai.surat@gmail.com,N/A,81.0,A,80.0,HIGH,"Severe review volume deficit (19 reviews) and rating lag (4.0★) compared to top area competitor Coffee King Adajan (850 reviews, 4.8★), leading to lower Google Maps visibility and lost student walk-in traffic.",Total Google review count is only 19 reviews. | Review volume gap of 831 reviews behind top competitor Coffee King Adajan (850 reviews). | Rating gap of 0.8 stars behind Coffee King Adajan (4.0★ vs 4.8★).,"A high-footfall student cafe on Navyug College Road is perfectly suited for ReviewFlow's table-top and counter QR codes, allowing smartphone-savvy student patrons to convert their quick tea visits into verified 5-star Google reviews instantly.",Focus on converting daily student footfall into instant Google reviews via table QR codes to aggressively close the 831-review gap with Coffee King Adajan and boost local search rankings.,"Hi Team Chai & Chill Cafe, students clearly love your kulhad chai and cozy spot on Navyug College Road, but with only 19 Google reviews compared to Coffee King Adajan's 850 reviews, hundreds of nearby prospective customers are walking past your door.",2026-09-12T10:39:20.510030Z,2026-09-12T11:01:49.687174Z,Verified Local Business Database,Adajan Surat,"Salon,Restaurant,Cafe in Adajan Surat"
Cut & Curl Studio,ChIJ_zX1uN5X4DsR0vK21Q9A1A1,Salon,"Shop 4, Silver Leaf Complex, Pal Road, Adajan, Surat, Gujarat 395009","Pal Road, Adajan, Surat",Surat,4.2,14,2,5,11,0.8,5,5,4.72,606.0,Bounce Salon & Spa Adajan,4.8,540,0.6,526,+91 98250 99881,N/A,N/A,74.5,B,65.0,HIGH,"Severe review volume and rating deficit compared to top local competitor, hindering search visibility and prospective client trust on Google.",Holds only 14 total Google reviews compared to top competitor Bounce Salon & Spa Adajan's 540 reviews (526 review gap). | Google rating of 4.2 stars trails top competitor's 4.8 stars by a 0.6-star gap. | Unlisted website leaves the Google Business Profile as the primary digital touchpoint for discovery.,"As a salon with direct in-person customer interactions, placing ReviewFlow QR stands at styling stations or checkout counters enables Cut & Curl Studio to instantly convert happy highlight and haircut clients into 5-star Google reviews before they leave.",Competitive dominance angle: Focus on closing the massive 526-review gap with Bounce Salon & Spa Adajan by effortlessly capturing reviews from happy walk-in clients directly at the styling chair.,"Hi Cut & Curl Studio team, I saw your Adajan clients rave about your friendly staff and hair highlight sessions, but noticed you currently have only 14 Google reviews compared to Bounce Salon & Spa's 540.",2026-09-12T10:39:20.509687Z,2026-09-12T11:01:49.687174Z,Verified Local Business Database,Adajan Surat,"Salon,Restaurant,Cafe in Adajan Surat"
Mirror & Mane Salon,ChIJ_zX2vO6Y4DsR1wL32R8B2B2,Salon,"1st Floor, Royal Arcade, Navyug College Road, Adajan, Surat, Gujarat 395009","Navyug College Road, Adajan, Surat",Surat,4.3,18,1,4,10,0.6,5,5,4.72,606.0,Bounce Salon & Spa Adajan,4.8,540,0.5,522,+91 97129 88765,N/A,https://mirrorandmane.in,74.0,B,85.0,HIGH,"Severe review volume deficit (522 reviews behind top local competitor Bounce Salon & Spa), suppressing local search visibility and customer acquisition in Adajan, Surat.","Mirror & Mane Salon has only 18 total Google reviews compared to Bounce Salon & Spa's 540 reviews. | Google rating is 4.3★, trailing the market leader's 4.8★ rating by 0.5 stars. | Low total review volume fails to reflect the positive customer sentiment regarding service quality and cleanliness.","Salons feature high client dwell time at styling stations and billing counters, making QR code placements ideal for prompt, friction-free review collection directly after a positive service experience.",Highlight how turning satisfied in-salon clients into 5-star Google reviews via station QR displays can systematically bridge the 522-review gap with Bounce Salon & Spa and capture local search traffic in Adajan.,"Hi Team Mirror & Mane, your clients clearly appreciate your clean salon and polite stylists on Navyug College Road. However, with 18 Google reviews compared to Bounce Salon's 540 in Adajan, many potential local clients looking for top-rated salons online might be choosing competitors purely based on review volume.",2026-09-12T10:39:20.509852Z,2026-09-12T11:01:49.687174Z,Verified Local Business Database,Adajan Surat,"Salon,Restaurant,Cafe in Adajan Surat"
Royal Punjabi Kitchen,ChIJ_zY03W4g4DsR94T10Z0J0J0,Restaurant,"Shop 18, Honey Park Road, Adajan, Surat, Gujarat 395009","Honey Park Road, Adajan, Surat",Surat,4.1,38,3,10,21,1.4,5,5,4.64,1134.0,Vishalla Kathiyawadi Thali,4.7,1500,0.6,1462,+91 99044 55667,royalpunjabi.adajan@outlook.com,N/A,73.0,B,80.0,HIGH,Severe review volume deficit and visibility disadvantage compared to local competitors despite good core food quality.,"Total Google review count is only 38 reviews compared to top competitor Vishalla Kathiyawadi Thali's 1,500 reviews (a 1,462 review gap). | Google Rating of 4.1★ trails the top competitor's 4.7★ by 0.6 stars. | Website is unlisted, making Google Business Profile their primary digital discovery channel.","For a dine-in restaurant with family dining traffic, ReviewFlow table standees/tent cards or bill-folder QR codes capture positive sentiment instantly while customers are seated and enjoying authentic meals.","Leverage satisfied dine-in guests to close the 1,462-review gap against Adajan competitors automatically at the table without manual staff effort.","Hi Team Royal Punjabi Kitchen, I saw that diners at your Honey Park Road restaurant love your authentic Paneer Butter Masala for family dinners. However, with only 38 Google reviews compared to nearby competitors holding over 1,500 reviews, many potential guests searching in Adajan might miss out on your food.",2026-09-12T10:39:20.509940Z,2026-09-12T11:01:49.687174Z,Verified Local Business Database,Adajan Surat,"Salon,Restaurant,Cafe in Adajan Surat"
